<?xml version="1.0"?>
<!DOCTYPE import-control PUBLIC
    "-//Puppy Crawl//DTD Import Control 1.2//EN"
    "http://checkstyle.sourceforge.net/dtds/import_control_1_2.dtd">

<import-control pkg="com.puppycrawl.tools.checkstyle">

  <allow pkg="antlr"/>
  <allow pkg="org.antlr.v4.runtime"/>
  <allow pkg="com.puppycrawl.tools.checkstyle.api"/>
  <allow pkg="com.puppycrawl.tools.checkstyle.checks"/>
  <allow pkg="java.io"/>
  <allow pkg="java.net"/>
  <allow pkg="java.nio"/>
  <allow pkg="java.util"/>
  <allow pkg="javax.xml.parsers"/>
  <allow pkg="org.apache.commons.beanutils"/>
  <allow pkg="org.apache.commons.logging"/>
  <allow pkg="org.xml.sax"/>
  <allow pkg="com.puppycrawl.tools.checkstyle"/>
  <allow pkg="java.lang.reflect"/>

  <!-- The local ones -->
  <allow class="java.security.MessageDigest" local-only="true"/>
  <allow class="java.security.NoSuchAlgorithmException" local-only="true"/>
  <allow class="javax.xml.bind.DatatypeConverter" local-only="true"/>
  <allow class="com.google.common.base.CaseFormat" local-only="true"/>
  <allow class="com.google.common.base.Joiner"/>
  <allow class="com.google.common.base.Predicate"/>
  <allow class="com.google.common.io.Closeables" local-only="true"/>
  <allow class="com.google.common.io.Flushables" local-only="true"/>
  <allow class="com.google.common.collect.HashMultimap" local-only="true"/>
  <allow class="com.google.common.collect.ImmutableCollection" local-only="true"/>
  <allow class="com.google.common.collect.ImmutableList"/>
  <allow class="com.google.common.collect.ImmutableMap"/>
  <allow class="com.google.common.collect.ImmutableSet"/>
  <allow class="com.google.common.collect.ImmutableSortedSet"/>
  <allow class="com.google.common.collect.Iterables"/>
  <allow class="com.google.common.collect.MapDifference" local-only="true"/>
  <allow class="com.google.common.collect.Maps" local-only="true"/>
  <allow class="com.google.common.collect.Multimap" local-only="true"/>
  <allow class="com.google.common.io.ByteStreams" local-only="true"/>
  <allow class="com.google.common.collect.Sets"/>
  <allow class="com.google.common.primitives.Ints"/>
  <allow pkg="com.puppycrawl.tools.checkstyle.grammars" local-only="true"/>
  <allow pkg="org.apache.commons.cli" local-only="true"/>

  <subpackage name="utils">
    <allow class="com.google.common.base.CharMatcher" local-only="true"/>
    <allow class="com.google.common.collect.ImmutableCollection" local-only="true"/>
    <allow class="com.google.common.collect.ImmutableMap" local-only="true"/>
  </subpackage>

  <subpackage name="ant">
    <allow class="com.google.common.io.Closeables" local-only="true"/>
    <allow pkg="org.apache.tools.ant" local-only="true"/>
    <disallow pkg="com.puppycrawl.tools.checkstyle.checks"/>
    <disallow pkg="com.puppycrawl.tools.checkstyle.filters"/>
    <disallow pkg="com.puppycrawl.tools.checkstyle.doclets"/>
    <disallow pkg="com.puppycrawl.tools.checkstyle.gui"/>
  </subpackage>

  <subpackage name="api">
    <allow pkg="com.puppycrawl.tools.checkstyle.grammars"/>
    <allow pkg="java.beans"/>
    <allow pkg="java.text"/>
    <allow class="com.puppycrawl.tools.checkstyle.grammars.CommentListener"
           local-only="true"/>
    <allow class="com.puppycrawl.tools.checkstyle.grammars.GeneratedJavaTokenTypes"
           local-only="true"/>
    <allow class="com.puppycrawl.tools.checkstyle.Utils"
           local-only="true"/>
    <allow class="com.google.common.io.Closeables" local-only="true"/>
    <allow class="com.google.common.collect.ImmutableCollection" local-only="true"/>
    <allow class="com.google.common.collect.ImmutableMap" local-only="true"/>
  </subpackage>

  <subpackage name="checks">
    <allow pkg="com.puppycrawl.tools.checkstyle.checks"/>
    <allow class="com.puppycrawl.tools.checkstyle.Definitions"/>
    <allow class="com.google.common.io.Closeables" local-only="true"/>
    <allow class="com.google.common.collect.HashMultiset" local-only="true"/>
    <allow class="com.google.common.collect.HashMultimap" local-only="true"/>
    <allow class="com.google.common.collect.ImmutableMap" local-only="true"/>
    <allow class="com.google.common.collect.ImmutableMultiset" local-only="true"/>
    <allow class="com.google.common.collect.Multimap" local-only="true"/>
    <allow class="com.google.common.collect.Multiset" local-only="true"/>
    <allow class="com.google.common.collect.Multiset.Entry" local-only="true"/>
    <allow class="com.google.common.collect.SetMultimap" local-only="true"/>
    <allow pkg="java.math"/>

    <subpackage name="indentation">
      <allow pkg="java.lang.reflect"/>
      <allow class="com.google.common.collect.Range" local-only="true"/>
      <allow class="com.google.common.collect.RangeMap" local-only="true"/>
    </subpackage>
    <subpackage name="header">
      <allow class="java.nio.charset.Charset" local-only="true"/>
      <allow class="com.google.common.io.Closeables" local-only="true"/>
    </subpackage>
    <subpackage name="javadoc">
      <allow pkg="com.puppycrawl.tools.checkstyle.grammars.javadoc"/>
      <allow pkg="java.lang.reflect"/>
      <allow class="com.google.common.base.CharMatcher" local-only="true"/>
      <allow class="com.google.common.collect.Multiset" local-only="true"/>
    </subpackage>
    <subpackage name="design">
      <allow class="com.google.common.annotations.VisibleForTesting" local-only="true"/>
      <allow class="com.google.common.collect.ImmutableMap" local-only="true"/>
    </subpackage>
    <subpackage name="imports">
      <allow class="com.google.common.collect.HashMultimap" local-only="true"/>
    </subpackage>
    <subpackage name="coding">
      <allow class="com.google.common.collect.ImmutableCollection" local-only="true"/>
    </subpackage>
  </subpackage>

  <subpackage name="doclets">
    <allow pkg="com.sun.javadoc"/>
    <disallow pkg="com\.puppycrawl\.tools\.checkstyle\.(checks|ant|filters|gui)" regex="true"/>
  </subpackage>

  <subpackage name="filters">
    <allow pkg="java.lang.ref"/>
    <allow class="com.google.common.io.Closeables" local-only="true"/>
    <allow class="com.google.common.base.CaseFormat" local-only="true"/>
    <allow class="com.google.common.collect.ImmutableCollection" local-only="true"/>
    <allow class="com.google.common.collect.ImmutableMap" local-only="true"/>
    <!-- check's subpackages -->
    <disallow pkg="com\.puppycrawl\.tools\.checkstyle\.checks\.[^.]+" regex="true"/>
    <disallow pkg="com\.puppycrawl\.tools\.checkstyle\.(ant|doclets|gui)" regex="true"/>
  </subpackage>

  <subpackage name="gui">
    <allow pkg="java.awt"/>
    <allow pkg="javax.swing"/>
    <disallow pkg="com\.puppycrawl\.tools\.checkstyle\.(checks|ant|doclets|filters)" regex="true"/>
  </subpackage>

  <subpackage name="internal">
    <allow class="com.google.common.reflect.ClassPath" local-only="true"/>
    <allow class="com.google.common.collect.FluentIterable" local-only="true"/>
  </subpackage>
</import-control>
