<?xml version="1.0"?>

<!DOCTYPE suppressions PUBLIC
    "-//Puppy Crawl//DTD Suppressions 1.1//EN"
    "http://www.puppycrawl.com/dtds/suppressions_1_1.dtd">

<suppressions>
    <suppress checks="FileLength"
              files="TokenTypes.java"
              lines="1"/>

    <!-- illegal words are part of Javadoc -->
    <suppress checks="TodoComment" files=".*TodoCommentCheck\.java"/>

    <!-- All disallowed characters are stored there -->
    <suppress checks="AvoidEscapedUnicodeCharactersCheck"
              files="AvoidEscapedUnicodeCharactersCheck.java"/>

    <!-- Can not change API -->
    <suppress checks="AbstractClassNameCheck"
              files="Check.java"/>

    <!-- 'Abstract' pattern is used to show it is checking for abstract class name -->
    <suppress checks="AbstractClassNameCheck"
              files="AbstractClassNameCheck.java"/>
    <!-- test should be named as their main class -->
    <suppress checks="AbstractClassNameCheck"
              files="AbstractCheckTest.java|AbstractClassNameCheckTest.java|AbstractTypeAwareCheckTest.java|AbstractJavadocCheckTest.java|AbstractViolationReporterTest.java"/>

    <!-- Tone down the checking for test code -->
    <suppress checks="CyclomaticComplexity" files="[\\/]XDocsPagesTest\.java"/>
    <suppress checks="IllegalCatch" files="[\\/]internal[\\/]\w+Util\.java"/>
    <suppress checks="EmptyBlock" files=".*[\\/]src[\\/]test[\\/]"/>
    <suppress checks="ImportControl" files=".*[\\/]src[\\/](test|it)[\\/]"/>
    <suppress checks="Javadoc" files=".*[\\/]src[\\/](test|it)[\\/]"/>
    <suppress checks="MagicNumber" files=".*[\\/]src[\\/](test|it)[\\/]"/>
    <suppress checks="AvoidStaticImport" files=".*[\\/]src[\\/](test|it)[\\/]"/>
    <suppress checks="MethodCount" files="[\\/]ImportOrderCheckTest.java$"/>
    <suppress checks="MethodCount" files="[\\/]IndentationCheckTest.java$"/>
    <suppress checks="ClassDataAbstractionCoupling" files="[\\/]IndentationCheckTest.java$"/>
    <suppress checks="MethodCount" files="[\\/]JavadocMethodCheckTest.java$"/>
    <suppress checks="MethodCount" files="[\\/]MainTest.java$"/>
    <suppress checks="EqualsAvoidNull" files="[\\/]Int.*FilterTest.java$"/>
    <suppress checks="VisibilityModifier" files="[\\/]BaseCheckTestSupport.java$"/>
    <suppress checks="WriteTag" files=".*[\\/]src[\\/](test|it)[\\/]"/>

    <!--The Check generates too many violations, fixing them will make code unmanageable.-->
    <suppress checks="MagicNumber" files="(ParseTreeTablePModel|MainFrame)\.java"/>

    <!-- Methods that build fake AST are very long-->
    <suppress checks="MethodLength" files="src[\\/]test[\\/]java[\\/]com[\\/]puppycrawl[\\/]tools[\\/]checkstyle[\\/]grammars[\\/]comments[\\/]CommentsTest\.java"/>
    <suppress checks="ExecutableStatementCount" files="src[\\/]test[\\/]java[\\/]com[\\/]puppycrawl[\\/]tools[\\/]checkstyle[\\/]grammars[\\/]comments[\\/]CommentsTest\.java"/>
    <suppress checks="JavaNCSS" files="src[\\/]test[\\/]java[\\/]com[\\/]puppycrawl[\\/]tools[\\/]checkstyle[\\/]grammars[\\/]comments[\\/]CommentsTest\.java"/>
    <suppress checks="MethodLength" files=".*GeneratedJavaTokenTypesTest\.java"/>
    <suppress checks="ExecutableStatementCount" files=".*GeneratedJavaTokenTypesTest\.java"/>
    <suppress checks="JavaNCSS" files=".*GeneratedJavaTokenTypesTest\.java"/>

    <suppress checks="." files=".*JavadocTokenTypes\.java"/>
    <suppress checks="." files=".*ParseTreeBuilder\.java"/>

    <!-- Till https://github.com/checkstyle/checkstyle/issues/1854 -->
    <suppress checks="TrailingComment" files="(InnerAssignmentCheck\.java|OperatorWrapCheck\.java|XMLLoggerTest\.java|AbbreviationAsWordInNameCheckTest\.java)"/>

    <!-- Fixing these cases will decrease code readability -->
    <suppress checks="MultipleStringLiterals" files="JavadocStyleCheck\.java|AbstractTypeAwareCheck\.java|XMLLogger\.java"/>
    <suppress checks="MultipleStringLiterals" files=".*[\\/]src[\\/](test|it)[\\/]"/>

    <!-- There are a lot of setters/getters in the Check. A small number of methods is left for Check's logic -->
    <suppress checks="MethodCount" files="[\\/]JavadocMethodCheck.java$"/>
    <!-- Apart from a complex logic there is a lot of small methods for a better readability.  -->
    <suppress checks="MethodCount" files="[\\/]CommentsIndentationCheck.java$"/>
    <!--VisibilityModifierCheck has 7 options which require 7 additional methods (setters)-->
    <suppress checks="MethodCount" files="[\\/]VisibilityModifierCheck.java$"/>

    <!-- we need that set of converters -->
    <suppress checks="ClassDataAbstractionCoupling" files="AutomaticBean\.java"/>
    <!-- they are aggregators of logic, usage a several of classes are ok -->
    <suppress checks="ClassDataAbstractionCoupling" files="(Checker|TreeWalker|Main|CheckstyleAntTask|JavadocDetailNodeParser)\.java"/>
    <suppress checks="ClassDataAbstractionCoupling" files="(CheckerTest|TreeWalkerTest|BaseCheckTestSupport|XDocsPagesTest|CheckstyleAntTaskTest)\.java"/>
    <suppress checks="ClassDataAbstractionCoupling" files="PropertyCacheFile\.java"/>
    <suppress checks="ClassFanOutComplexity" files="[\\/]Main\.java"/>
    <!-- a lot of GUI elements is OK -->
    <suppress checks="ClassDataAbstractionCoupling" files="(JTreeTable|MainFrame)\.java"/>

    <!-- Should be fixed after moving https://github.com/sevntu-checkstyle/sevntu.checkstyle/blob/master/sevntu-checks/src/main/java/com/github/sevntu/checkstyle/checks/coding/ReturnCountExtendedCheck.java into the main repo -->
    <suppress checks="ReturnCount" files="(ClassResolver|ConfigurationLoader|IndentationCheckTest)\.java"/>

    <!-- Suppressions from PMD configuration-->
    <!-- JavadocMethodCheck, JavadocStyleCheck, JavadocUtils.getJavadocTags() - deprecated -->
    <suppress checks="CyclomaticComplexity" files="JavadocMethodCheck\.java"/>
    <suppress checks="CyclomaticComplexity" files="JavadocStyleCheck\.java"/>
    <suppress checks="CyclomaticComplexity" files="CustomImportOrderCheck\.java"/>

</suppressions>
